-- phpMyAdmin SQL Dump
-- version 5.2.1
-- https://www.phpmyadmin.net/
--
-- Hôte : 127.0.0.1
-- Généré le : jeu. 30 jan. 2025 à 23:59
-- Version du serveur : 10.4.32-MariaDB
-- Version de PHP : 8.2.12

SET SQL_MODE = "NO_AUTO_VALUE_ON_ZERO";
START TRANSACTION;
SET time_zone = "+00:00";


/*!40101 SET @OLD_CHARACTER_SET_CLIENT=@@CHARACTER_SET_CLIENT */;
/*!40101 SET @OLD_CHARACTER_SET_RESULTS=@@CHARACTER_SET_RESULTS */;
/*!40101 SET @OLD_COLLATION_CONNECTION=@@COLLATION_CONNECTION */;
/*!40101 SET NAMES utf8mb4 */;

--
-- Base de données : `prediction`
--

-- --------------------------------------------------------

--
-- Structure de la table `categories`
--

CREATE TABLE `categories` (
  `id` int(11) NOT NULL,
  `nom` varchar(255) NOT NULL
) ENGINE=InnoDB DEFAULT CHARSET=utf8mb4 COLLATE=utf8mb4_general_ci;

--
-- Déchargement des données de la table `categories`
--

INSERT INTO `categories` (`id`, `nom`) VALUES
(1, 'Transport'),
(2, 'Signalisation et Infrastructure'),
(3, 'Animaux'),
(4, 'Accessoires personnels'),
(5, 'Sports et Loisirs'),
(6, 'Cuisine et Nourriture'),
(7, 'Mobilier'),
(8, 'Électronique'),
(9, 'Lecture et Décoration');

-- --------------------------------------------------------

--
-- Structure de la table `objets`
--

CREATE TABLE `objets` (
  `id` int(11) NOT NULL,
  `utilisateur_id` int(11) DEFAULT NULL,
  `type_objet` varchar(255) NOT NULL,
  `image_url` text NOT NULL,
  `temps_reponse` float NOT NULL,
  `date_detection` date DEFAULT NULL,
  `categorie_id` int(11) DEFAULT NULL
) ENGINE=InnoDB DEFAULT CHARSET=utf8mb4 COLLATE=utf8mb4_general_ci;

--
-- Déchargement des données de la table `objets`
--

INSERT INTO `objets` (`id`, `utilisateur_id`, `type_objet`, `image_url`, `temps_reponse`, `date_detection`, `categorie_id`) VALUES
(1, 1, 'bicycle', 'https://example.com/image_bicycle.jpg', 0.6, '2022-01-25', 1),
(2, 2, 'car', 'https://example.com/image_car.jpg', 1, '2022-01-26', 1),
(3, 3, 'dog', 'https://example.com/image_dog.jpg', 1.2, '2022-01-24', 3),
(4, 4, 'cat', 'https://example.com/image_cat.jpg', 0.8, '2022-01-23', 3),
(5, 5, 'tvmonitor', 'https://example.com/image_tvmonitor.jpg', 1.3, '2022-01-22', 8),
(6, 6, 'skis', 'https://example.com/image_skis.jpg', 1, '2022-01-21', 5),
(7, 7, 'frisbee', 'https://example.com/image_frisbee.jpg', 0.9, '2022-01-20', 5),
(8, 8, 'apple', 'https://example.com/image_apple.jpg', 0.4, '2022-01-19', 6),
(9, 9, 'bike', 'https://example.com/image_bike.jpg', 0.7, '2022-01-18', 1),
(10, 10, 'chair', 'https://example.com/image_chair.jpg', 0.5, '2022-01-17', 7),
(11, 11, 'train', 'https://example.com/image_train.jpg', 1.4, '2022-01-16', 1),
(12, 12, 'sofa', 'https://example.com/image_sofa.jpg', 0.8, '2022-01-15', 7),
(13, 13, 'elephant', 'https://example.com/image_elephant.jpg', 1.6, '2022-01-14', 3),
(14, 14, 'skateboard', 'https://example.com/image_skateboard.jpg', 0.7, '2022-01-13', 5),
(15, 15, 'donut', 'https://example.com/image_donut.jpg', 0.3, '2022-01-12', 6),
(16, 16, 'pottedplant', 'https://example.com/image_pottedplant.jpg', 0.6, '2022-01-11', 7),
(17, 17, 'kitchen sink', 'https://example.com/image_kitchen_sink.jpg', 1.2, '2022-01-10', 8),
(18, 18, 'broccoli', 'https://example.com/image_broccoli.jpg', 0.4, '2022-01-09', 6),
(19, 19, 'remote', 'https://example.com/image_remote.jpg', 0.5, '2022-01-08', 8),
(20, 20, 'clock', 'https://example.com/image_clock.jpg', 0.6, '2022-01-07', 9),
(21, 1, 'bus', 'https://example.com/image_bus.jpg', 1, '2023-06-15', 1),
(22, 2, 'skateboard', 'https://example.com/image_skateboard.jpg', 0.8, '2023-07-10', 5),
(23, 3, 'bird', 'https://example.com/image_bird.jpg', 0.7, '2023-08-05', 3),
(24, 4, 'car', 'https://example.com/image_car_2.jpg', 1.3, '2023-09-20', 1),
(25, 5, 'bicycle', 'https://example.com/image_bicycle_2.jpg', 0.6, '2023-10-12', 1),
(26, 6, 'surfboard', 'https://example.com/image_surfboard.jpg', 1.4, '2023-11-03', 5),
(27, 7, 'sofa', 'https://example.com/image_sofa_2.jpg', 0.9, '2024-01-18', 7),
(28, 8, 'apple', 'https://example.com/image_apple_2.jpg', 0.4, '2024-02-07', 6),
(29, 9, 'elephant', 'https://example.com/image_elephant_2.jpg', 1.7, '2024-03-15', 3),
(30, 10, 'toaster', 'https://example.com/image_toaster.jpg', 1.2, '2024-04-22', 8),
(31, 11, 'bike', 'https://example.com/image_bike_2.jpg', 0.6, '2024-05-10', 1),
(32, 12, 'tennis racket', 'https://example.com/image_tennis_racket.jpg', 0.7, '2024-06-14', 5),
(33, 13, 'kitchen sink', 'https://example.com/image_kitchen_sink_2.jpg', 1, '2024-07-08', 8),
(34, 14, 'tvmonitor', 'https://example.com/image_tvmonitor_2.jpg', 1.3, '2024-08-17', 8),
(35, 15, 'frisbee', 'https://example.com/image_frisbee_2.jpg', 0.8, '2024-09-03', 5),
(36, 16, 'pizza', 'https://example.com/image_pizza.jpg', 0.5, '2024-10-20', 6),
(37, 17, 'clock', 'https://example.com/image_clock_2.jpg', 0.7, '2024-11-08', 9),
(38, 18, 'skis', 'https://example.com/image_skis_2.jpg', 1.1, '2022-01-12', 5),
(39, 19, 'donut', 'https://example.com/image_donut_2.jpg', 0.4, '2022-02-09', 6),
(40, 20, 'refrigerator', 'https://example.com/image_refrigerator.jpg', 1.4, '2022-03-05', 8),
(41, 1, 'train', 'https://example.com/image_train_2.jpg', 0.8, '2022-04-18', 1),
(42, 2, 'horse', 'https://example.com/image_horse.jpg', 0.7, '2022-05-22', 3),
(43, 3, 'surfboard', 'https://example.com/image_surfboard_2.jpg', 1.1, '2022-06-10', 5),
(44, 4, 'toothbrush', 'https://example.com/image_toothbrush.jpg', 0.6, '2022-07-12', 9),
(45, 5, 'sofa', 'https://example.com/image_sofa_3.jpg', 1.2, '2022-08-14', 7),
(46, 6, 'elephant', 'https://example.com/image_elephant_3.jpg', 1, '2022-09-17', 3),
(47, 7, 'microwave', 'https://example.com/image_microwave.jpg', 1.5, '2022-10-05', 8),
(48, 8, 'apple', 'https://example.com/image_apple_3.jpg', 0.4, '2022-11-08', 6),
(49, 9, 'refrigerator', 'https://example.com/image_refrigerator_2.jpg', 1.3, '2022-12-20', 8),
(50, 10, 'pizza', 'https://example.com/image_pizza_2.jpg', 0.5, '2024-01-15', 6),
(51, 11, 'baseball bat', 'https://example.com/image_baseball_bat.jpg', 0.8, '2024-02-22', 5),
(52, 12, 'bird', 'https://example.com/image_bird_2.jpg', 0.6, '2024-03-18', 3),
(53, 13, 'bicycle', 'https://example.com/image_bicycle_3.jpg', 0.7, '2024-04-05', 1),
(54, 14, 'dog', 'https://example.com/image_dog_2.jpg', 0.9, '2024-05-11', 3),
(55, 15, 'clock', 'https://example.com/image_clock_3.jpg', 0.6, '2024-06-14', 9),
(56, 16, 'frisbee', 'https://example.com/image_frisbee_3.jpg', 1, '2024-07-08', 5),
(57, 17, 'car', 'https://example.com/image_car_3.jpg', 1.2, '2024-08-10', 1),
(58, 18, 'skis', 'https://example.com/image_skis_3.jpg', 1.4, '2024-09-21', 5),
(59, 19, 'vase', 'https://example.com/image_vase.jpg', 0.9, '2024-10-16', 9),
(60, 20, 'remote', 'https://example.com/image_remote_2.jpg', 1.1, '2024-11-02', 8),
(61, 1, 'train', 'https://example.com/image_train_4.jpg', 1, '2020-03-01', 1),
(62, 2, 'bicycle', 'https://example.com/image_bicycle_5.jpg', 0.6, '2020-04-07', 1),
(63, 3, 'sofa', 'https://example.com/image_sofa_4.jpg', 1.3, '2020-06-11', 7),
(64, 4, 'frisbee', 'https://example.com/image_frisbee_5.jpg', 0.9, '2020-08-14', 5),
(65, 5, 'car', 'https://example.com/image_car_5.jpg', 1.2, '2020-09-20', 1),
(66, 6, 'pizza', 'https://example.com/image_pizza_4.jpg', 0.8, '2020-10-05', 6),
(67, 7, 'elephant', 'https://example.com/image_elephant_4.jpg', 1.1, '2020-11-30', 3),
(68, 8, 'toothbrush', 'https://example.com/image_toothbrush_2.jpg', 0.7, '2021-01-17', 9),
(69, 9, 'bowl', 'https://example.com/image_bowl_2.jpg', 0.6, '2021-02-10', 6),
(70, 10, 'remote', 'https://example.com/image_remote_3.jpg', 0.8, '2021-03-04', 8),
(71, 11, 'horse', 'https://example.com/image_horse_3.jpg', 1.2, '2021-04-23', 3),
(72, 12, 'skateboard', 'https://example.com/image_skateboard_3.jpg', 0.9, '2021-06-12', 5),
(73, 13, 'refrigerator', 'https://example.com/image_refrigerator_4.jpg', 1, '2021-07-18', 8),
(74, 14, 'microwave', 'https://example.com/image_microwave_2.jpg', 1.3, '2021-08-30', 8),
(75, 15, 'book', 'https://example.com/image_book_3.jpg', 0.7, '2021-10-09', 9),
(76, 16, 'train', 'https://example.com/image_train_5.jpg', 1.1, '2022-01-11', 1),
(77, 17, 'skis', 'https://example.com/image_skis_5.jpg', 1.4, '2022-03-23', 5),
(78, 18, 'tvmonitor', 'https://example.com/image_tvmonitor_4.jpg', 0.9, '2022-05-02', 8),
(79, 19, 'pizza', 'https://example.com/image_pizza_5.jpg', 1, '2022-06-18', 6),
(80, 20, 'sofa', 'https://example.com/image_sofa_5.jpg', 0.6, '2022-07-15', 7),
(81, 1, 'skateboard', 'https://example.com/image_skateboard_4.jpg', 1, '2022-08-05', 5),
(82, 2, 'book', 'https://example.com/image_book_4.jpg', 0.7, '2022-09-13', 9),
(83, 3, 'car', 'https://example.com/image_car_6.jpg', 1.3, '2022-10-24', 1),
(84, 4, 'umbrella', 'https://example.com/image_umbrella_2.jpg', 0.6, '2022-11-18', 4),
(85, 5, 'train', 'https://example.com/image_train_6.jpg', 1.1, '2023-01-08', 1),
(86, 6, 'cat', 'https://example.com/image_cat_3.jpg', 0.8, '2023-02-02', 3),
(87, 7, 'refrigerator', 'https://example.com/image_refrigerator_5.jpg', 1.4, '2023-03-10', 8),
(88, 8, 'baseball bat', 'https://example.com/image_baseball_bat_2.jpg', 0.7, '2023-04-19', 5),
(89, 9, 'sofa', 'https://example.com/image_sofa_6.jpg', 0.9, '2023-05-03', 7),
(90, 10, 'bird', 'https://example.com/image_bird_3.jpg', 0.6, '2023-06-14', 3),
(91, 11, 'elephant', 'https://example.com/image_elephant_5.jpg', 1.1, '2023-07-25', 3),
(92, 12, 'frisbee', 'https://example.com/image_frisbee_6.jpg', 0.7, '2023-08-09', 5),
(93, 13, 'skis', 'https://example.com/image_skis_6.jpg', 1.2, '2023-09-15', 5),
(94, 14, 'backpack', 'https://example.com/image_backpack_3.jpg', 0.8, '2023-10-20', 4),
(95, 15, 'pizza', 'https://example.com/image_pizza_6.jpg', 1, '2023-11-08', 6),
(96, 16, 'snowboard', 'https://example.com/image_snowboard_3.jpg', 1.3, '2023-12-01', 5),
(97, 17, 'tvmonitor', 'https://example.com/image_tvmonitor_5.jpg', 1.1, '2024-01-18', 8),
(98, 18, 'sofa', 'https://example.com/image_sofa_7.jpg', 0.9, '2024-02-05', 7),
(99, 19, 'microwave', 'https://example.com/image_microwave_3.jpg', 1, '2024-03-13', 8),
(100, 20, 'laptop', 'https://example.com/image_laptop_3.jpg', 0.7, '2024-04-10', 8),
(101, 1, 'cat', 'https://example.com/image_cat_4.jpg', 0.9, '2024-05-10', 3),
(102, 2, 'sofa', 'https://example.com/image_sofa_8.jpg', 1.2, '2024-06-07', 7),
(103, 3, 'dog', 'https://example.com/image_dog_4.jpg', 1, '2024-07-12', 3),
(104, 4, 'car', 'https://example.com/image_car_7.jpg', 0.8, '2024-08-23', 1),
(105, 5, 'pizza', 'https://example.com/image_pizza_7.jpg', 1.1, '2024-09-01', 6),
(106, 6, 'skateboard', 'https://example.com/image_skateboard_5.jpg', 0.7, '2024-10-04', 5),
(107, 7, 'bicycle', 'https://example.com/image_bicycle_6.jpg', 1.3, '2024-11-11', 1),
(108, 8, 'teddy bear', 'https://example.com/image_teddy_bear_3.jpg', 1, '2024-12-05', 9),
(109, 9, 'frisbee', 'https://example.com/image_frisbee_7.jpg', 0.9, '2022-01-15', 5),
(110, 10, 'backpack', 'https://example.com/image_backpack_4.jpg', 1.4, '2022-02-22', 4),
(111, 11, 'elephant', 'https://example.com/image_elephant_6.jpg', 0.6, '2022-03-03', 3),
(112, 12, 'refrigerator', 'https://example.com/image_refrigerator_6.jpg', 1.2, '2022-04-10', 8),
(113, 13, 'snowboard', 'https://example.com/image_snowboard_4.jpg', 1, '2022-05-18', 5),
(114, 14, 'microwave', 'https://example.com/image_microwave_4.jpg', 0.8, '2022-06-25', 8),
(115, 15, 'laptop', 'https://example.com/image_laptop_4.jpg', 0.9, '2022-07-09', 8),
(116, 16, 'skis', 'https://example.com/image_skis_7.jpg', 1.1, '2022-08-12', 5),
(117, 17, 'tvmonitor', 'https://example.com/image_tvmonitor_6.jpg', 1.3, '2022-09-01', 8),
(118, 18, 'train', 'https://example.com/image_train_7.jpg', 0.7, '2022-10-03', 1),
(119, 19, 'bowl', 'https://example.com/image_bowl_2.jpg', 1, '2022-11-21', 6),
(120, 20, 'sofa', 'https://example.com/image_sofa_9.jpg', 0.8, '2022-12-06', 7),
(121, 1, 'truck', 'https://example.com/image_truck_2.jpg', 1.2, '2024-01-20', 1),
(122, 2, 'kite', 'https://example.com/image_kite_2.jpg', 0.7, '2023-08-15', 5),
(123, 3, 'refrigerator', 'https://example.com/image_refrigerator_7.jpg', 1.1, '2023-11-25', 8),
(124, 4, 'pizza', 'https://example.com/image_pizza_8.jpg', 1.3, '2023-07-07', 6),
(125, 5, 'bike', 'https://example.com/image_bike_7.jpg', 1.4, '2023-02-18', 1),
(126, 6, 'car', 'https://example.com/image_car_8.jpg', 0.8, '2023-09-19', 1),
(127, 7, 'sofa', 'https://example.com/image_sofa_10.jpg', 1.2, '2023-05-05', 7),
(128, 8, 'tvmonitor', 'https://example.com/image_tvmonitor_7.jpg', 1, '2023-12-01', 8),
(129, 9, 'elephant', 'https://example.com/image_elephant_7.jpg', 1.3, '2023-04-10', 3),
(130, 10, 'skateboard', 'https://example.com/image_skateboard_6.jpg', 0.9, '2023-10-12', 5),
(131, 11, 'microwave', 'https://example.com/image_microwave_5.jpg', 0.7, '2024-02-14', 8),
(132, 12, 'car', 'https://example.com/image_car_9.jpg', 1.4, '2023-06-30', 1),
(133, 13, 'bicycle', 'https://example.com/image_bicycle_8.jpg', 0.8, '2023-01-22', 1),
(134, 14, 'snowboard', 'https://example.com/image_snowboard_5.jpg', 1.2, '2023-03-15', 5),
(135, 15, 'laptop', 'https://example.com/image_laptop_5.jpg', 0.9, '2024-03-05', 8),
(136, 16, 'backpack', 'https://example.com/image_backpack_5.jpg', 1, '2024-04-11', 4),
(137, 17, 'bird', 'https://example.com/image_bird_4.jpg', 1.1, '2024-06-23', 3),
(138, 18, 'refrigerator', 'https://example.com/image_refrigerator_8.jpg', 0.7, '2024-10-17', 8),
(139, 19, 'sofa', 'https://example.com/image_sofa_11.jpg', 1.2, '2024-08-30', 7),
(140, 20, 'elephant', 'https://example.com/image_elephant_8.jpg', 1.3, '2024-09-13', 3),
(141, 1, 'dog', 'https://example.com/image_dog_5.jpg', 1, '2023-04-18', 3),
(142, 2, 'bicycle', 'https://example.com/image_bicycle_9.jpg', 0.9, '2023-11-02', 1),
(143, 3, 'frisbee', 'https://example.com/image_frisbee_6.jpg', 1.1, '2023-07-11', 5),
(144, 4, 'tvmonitor', 'https://example.com/image_tvmonitor_8.jpg', 1.3, '2024-02-28', 8),
(145, 5, 'pizza', 'https://example.com/image_pizza_9.jpg', 0.8, '2024-03-16', 6),
(146, 6, 'car', 'https://example.com/image_car_10.jpg', 1.2, '2024-08-05', 1),
(147, 7, 'skateboard', 'https://example.com/image_skateboard_7.jpg', 1.4, '2024-06-25', 5),
(148, 8, 'sofa', 'https://example.com/image_sofa_12.jpg', 1, '2024-01-11', 7),
(149, 9, 'laptop', 'https://example.com/image_laptop_6.jpg', 0.7, '2023-09-22', 8),
(150, 10, 'train', 'https://example.com/image_train_8.jpg', 1.3, '2023-10-15', 1),
(151, 11, 'refrigerator', 'https://example.com/image_refrigerator_9.jpg', 1.1, '2023-03-14', 8),
(152, 12, 'backpack', 'https://example.com/image_backpack_6.jpg', 0.9, '2024-07-30', 4),
(153, 13, 'horse', 'https://example.com/image_horse_5.jpg', 1, '2024-04-12', 3),
(154, 14, 'elephant', 'https://example.com/image_elephant_9.jpg', 1.2, '2024-09-03', 3),
(155, 15, 'skis', 'https://example.com/image_skis_8.jpg', 1, '2023-12-12', 5),
(156, 16, 'snowboard', 'https://example.com/image_snowboard_6.jpg', 0.8, '2023-11-10', 5),
(157, 17, 'sofa', 'https://example.com/image_sofa_13.jpg', 1.2, '2024-05-09', 7),
(158, 18, 'microwave', 'https://example.com/image_microwave_6.jpg', 1.1, '2024-10-14', 8),
(159, 19, 'tvmonitor', 'https://example.com/image_tvmonitor_9.jpg', 0.9, '2023-06-06', 8),
(160, 20, 'car', 'https://example.com/image_car_11.jpg', 1, '2023-08-20', 1),
(161, 21, 'baseball glove', 'https://example.com/image_baseball_glove_8.jpg', 1.2, '2023-07-29', 5),
(162, 22, 'dog', 'https://example.com/image_dog_6.jpg', 0.9, '2024-04-30', 3),
(163, 23, 'car', 'https://example.com/image_car_12.jpg', 1.1, '2024-06-03', 1),
(164, 24, 'tvmonitor', 'https://example.com/image_tvmonitor_10.jpg', 1, '2024-01-16', 8),
(165, 25, 'skateboard', 'https://example.com/image_skateboard_8.jpg', 0.8, '2024-03-25', 5),
(166, 26, 'train', 'https://example.com/image_train_10.jpg', 1.3, '2024-08-22', 1),
(167, 27, 'horse', 'https://example.com/image_horse_6.jpg', 1, '2024-07-18', 3),
(168, 28, 'backpack', 'https://example.com/image_backpack_7.jpg', 0.7, '2023-11-29', 4),
(169, 29, 'elephant', 'https://example.com/image_elephant_10.jpg', 1.2, '2024-02-10', 3),
(170, 30, 'snowboard', 'https://example.com/image_snowboard_7.jpg', 1.1, '2023-12-23', 5),
(171, 31, 'laptop', 'https://example.com/image_laptop_7.jpg', 0.8, '2024-09-17', 8),
(172, 32, 'skis', 'https://example.com/image_skis_9.jpg', 1.4, '2024-10-05', 5),
(173, 33, 'sofa', 'https://example.com/image_sofa_14.jpg', 1, '2023-06-17', 7),
(174, 34, 'refrigerator', 'https://example.com/image_refrigerator_10.jpg', 1.2, '2024-05-14', 8),
(175, 35, 'pizza', 'https://example.com/image_pizza_10.jpg', 0.9, '2023-12-01', 6),
(176, 36, 'baseball bat', 'https://example.com/image_baseball_bat_8.jpg', 1.1, '2024-07-01', 5),
(177, 37, 'microwave', 'https://example.com/image_microwave_7.jpg', 1.3, '2023-11-13', 8),
(178, 38, 'train', 'https://example.com/image_train_11.jpg', 1, '2024-04-12', 1),
(179, 39, 'bicycle', 'https://example.com/image_bicycle_10.jpg', 1.1, '2024-08-03', 1),
(180, 40, 'car', 'https://example.com/image_car_13.jpg', 1.2, '2024-07-23', 1),
(181, 41, 'dog', 'https://example.com/image_dog_7.jpg', 1, '2023-09-28', 3),
(182, 42, 'snowboard', 'https://example.com/image_snowboard_8.jpg', 1, '2023-10-20', 5),
(183, 43, 'sofa', 'https://example.com/image_sofa_15.jpg', 0.9, '2024-05-22', 7),
(184, 44, 'skateboard', 'https://example.com/image_skateboard_9.jpg', 1, '2024-06-15', 5),
(185, 45, 'bottle', 'https://example.com/image_bottle_6.jpg', 1.1, '2024-02-08', 6),
(186, 46, 'laptop', 'https://example.com/image_laptop_8.jpg', 1.2, '2024-04-27', 8),
(187, 47, 'refrigerator', 'https://example.com/image_refrigerator_11.jpg', 1, '2024-09-05', 8),
(188, 48, 'backpack', 'https://example.com/image_backpack_8.jpg', 1.1, '2023-08-10', 4),
(189, 49, 'pizza', 'https://example.com/image_pizza_11.jpg', 0.8, '2024-03-29', 6),
(190, 50, 'microwave', 'https://example.com/image_microwave_8.jpg', 1.3, '2024-05-18', 8),
(191, 51, 'elephant', 'https://example.com/image_elephant_11.jpg', 1.1, '2024-06-29', 3),
(192, 52, 'skis', 'https://example.com/image_skis_10.jpg', 1, '2023-09-04', 5),
(193, 53, 'horse', 'https://example.com/image_horse_7.jpg', 1.2, '2023-07-05', 3),
(194, 54, 'train', 'https://example.com/image_train_12.jpg', 1.4, '2024-04-21', 1),
(195, 55, 'bicycle', 'https://example.com/image_bicycle_11.jpg', 0.9, '2024-01-07', 1),
(196, 56, 'tvmonitor', 'https://example.com/image_tvmonitor_11.jpg', 1.2, '2023-11-25', 8),
(197, 57, 'laptop', 'https://example.com/image_laptop_9.jpg', 1.3, '2023-12-04', 8),
(198, 58, 'baseball bat', 'https://example.com/image_baseball_bat_9.jpg', 1, '2024-06-06', 5),
(199, 59, 'skateboard', 'https://example.com/image_skateboard_10.jpg', 1, '2024-01-20', 5),
(200, 60, 'refrigerator', 'https://example.com/image_refrigerator_12.jpg', 1.1, '2024-02-22', 8),
(201, 81, 'skateboard', 'https://example.com/image_skateboard_11.jpg', 1, '2024-02-15', 5),
(202, 82, 'tvmonitor', 'https://example.com/image_tvmonitor_12.jpg', 1.2, '2024-01-05', 8),
(203, 83, 'car', 'https://example.com/image_car_14.jpg', 0.9, '2024-09-09', 1),
(204, 84, 'bicycle', 'https://example.com/image_bicycle_12.jpg', 1.1, '2024-03-30', 1),
(205, 85, 'dog', 'https://example.com/image_dog_8.jpg', 1.3, '2024-07-07', 3),
(206, 86, 'pizza', 'https://example.com/image_pizza_12.jpg', 1, '2024-05-02', 6),
(207, 87, 'train', 'https://example.com/image_train_13.jpg', 0.8, '2024-08-01', 1),
(208, 88, 'sofa', 'https://example.com/image_sofa_16.jpg', 1, '2024-04-20', 7),
(209, 89, 'laptop', 'https://example.com/image_laptop_10.jpg', 1.2, '2024-06-22', 8),
(210, 90, 'snowboard', 'https://example.com/image_snowboard_9.jpg', 1.1, '2024-07-29', 5),
(211, 91, 'refrigerator', 'https://example.com/image_refrigerator_13.jpg', 1.2, '2024-05-25', 8),
(212, 92, 'baseball bat', 'https://example.com/image_baseball_bat_10.jpg', 0.9, '2024-02-02', 5),
(213, 93, 'backpack', 'https://example.com/image_backpack_9.jpg', 1.1, '2024-06-12', 4),
(214, 94, 'microwave', 'https://example.com/image_microwave_9.jpg', 1, '2024-04-28', 8),
(215, 95, 'elephant', 'https://example.com/image_elephant_12.jpg', 1.2, '2024-07-14', 3),
(216, 96, 'horse', 'https://example.com/image_horse_8.jpg', 1.3, '2024-08-17', 3),
(217, 97, 'skateboard', 'https://example.com/image_skateboard_12.jpg', 1, '2024-09-13', 5),
(218, 98, 'sofa', 'https://example.com/image_sofa_17.jpg', 1.2, '2024-10-18', 7),
(219, 99, 'train', 'https://example.com/image_train_14.jpg', 1, '2024-01-10', 1),
(220, 100, 'refrigerator', 'https://example.com/image_refrigerator_14.jpg', 1.3, '2024-09-03', 8),
(221, 101, 'car', 'https://example.com/image_car_15.jpg', 1.1, '2024-08-30', 1),
(222, 102, 'tvmonitor', 'https://example.com/image_tvmonitor_13.jpg', 1, '2024-07-25', 8),
(223, 103, 'backpack', 'https://example.com/image_backpack_10.jpg', 0.9, '2024-05-08', 4),
(224, 104, 'bicycle', 'https://example.com/image_bicycle_13.jpg', 1.2, '2024-09-21', 1),
(225, 105, 'pizza', 'https://example.com/image_pizza_13.jpg', 1, '2024-08-27', 6),
(226, 106, 'horse', 'https://example.com/image_horse_9.jpg', 1, '2024-10-04', 3),
(227, 107, 'snowboard', 'https://example.com/image_snowboard_10.jpg', 1.3, '2024-07-15', 5),
(228, 108, 'baseball glove', 'https://example.com/image_baseball_glove_9.jpg', 1.2, '2024-06-01', 5),
(229, 109, 'skis', 'https://example.com/image_skis_11.jpg', 1.1, '2024-04-22', 5),
(230, 110, 'microwave', 'https://example.com/image_microwave_10.jpg', 0.8, '2024-02-19', 8),
(231, 111, 'skateboard', 'https://example.com/image_skateboard_13.jpg', 1.2, '2024-03-11', 5),
(232, 112, 'microwave', 'https://example.com/image_microwave_11.jpg', 1.1, '2024-02-17', 8),
(233, 113, 'train', 'https://example.com/image_train_15.jpg', 1.3, '2024-08-14', 1),
(234, 114, 'elephant', 'https://example.com/image_elephant_13.jpg', 1, '2024-04-09', 3),
(235, 115, 'tvmonitor', 'https://example.com/image_tvmonitor_14.jpg', 1.2, '2024-07-17', 8),
(236, 116, 'car', 'https://example.com/image_car_16.jpg', 0.9, '2024-09-24', 1),
(237, 117, 'sofa', 'https://example.com/image_sofa_18.jpg', 1, '2024-06-07', 7),
(238, 118, 'skateboard', 'https://example.com/image_skateboard_14.jpg', 1.1, '2024-01-15', 5),
(239, 119, 'bicycle', 'https://example.com/image_bicycle_14.jpg', 0.8, '2024-08-25', 1),
(240, 120, 'backpack', 'https://example.com/image_backpack_11.jpg', 1.3, '2024-07-28', 4),
(241, 121, 'pizza', 'https://example.com/image_pizza_14.jpg', 1.2, '2024-03-20', 6),
(242, 122, 'dog', 'https://example.com/image_dog_9.jpg', 1, '2024-05-12', 3),
(243, 123, 'laptop', 'https://example.com/image_laptop_11.jpg', 1.3, '2024-02-03', 8),
(244, 124, 'snowboard', 'https://example.com/image_snowboard_11.jpg', 1, '2024-06-05', 5),
(245, 125, 'horse', 'https://example.com/image_horse_10.jpg', 1.1, '2024-09-10', 3),
(246, 126, 'refrigerator', 'https://example.com/image_refrigerator_15.jpg', 1.2, '2024-04-12', 8),
(247, 127, 'skateboard', 'https://example.com/image_skateboard_15.jpg', 1, '2024-08-02', 5),
(248, 128, 'microwave', 'https://example.com/image_microwave_12.jpg', 1.1, '2024-09-19', 8),
(249, 129, 'baseball bat', 'https://example.com/image_baseball_bat_11.jpg', 0.9, '2024-06-18', 5),
(250, 130, 'bicycle', 'https://example.com/image_bicycle_15.jpg', 1, '2024-01-30', 1),
(251, 131, 'train', 'https://example.com/image_train_16.jpg', 1.3, '2024-03-01', 1),
(252, 132, 'sofa', 'https://example.com/image_sofa_19.jpg', 1, '2024-07-20', 7),
(253, 133, 'elephant', 'https://example.com/image_elephant_14.jpg', 1.1, '2024-09-04', 3),
(254, 134, 'pizza', 'https://example.com/image_pizza_15.jpg', 1, '2024-02-14', 6),
(255, 135, 'skis', 'https://example.com/image_skis_12.jpg', 1.2, '2024-08-22', 5),
(256, 136, 'refrigerator', 'https://example.com/image_refrigerator_16.jpg', 1.1, '2024-05-19', 8),
(257, 137, 'snowboard', 'https://example.com/image_snowboard_12.jpg', 1, '2024-10-10', 5),
(258, 138, 'dog', 'https://example.com/image_dog_10.jpg', 1.1, '2024-07-23', 3),
(259, 139, 'tvmonitor', 'https://example.com/image_tvmonitor_15.jpg', 1, '2024-02-25', 8),
(260, 140, 'laptop', 'https://example.com/image_laptop_12.jpg', 1.3, '2024-04-18', 8),
(1001, 1001, 'person (0.87)', 'uploads\\annotated_visage_1.jpg', 3.12, '2022-01-30', NULL),
(1002, 1002, 'person (0.87)', 'uploads\\annotated_visage_1.jpg', 3.14, '2022-01-30', NULL),
(1003, 1002, 'person (0.87)', 'uploads\\annotated_visage_1.jpg', 3.81, '2025-01-30', NULL),
(1004, 1003, 'person (0.87)', 'uploads\\annotated_visage_1.jpg', 4.36, '2025-01-30', NULL);

-- --------------------------------------------------------

--
-- Structure de la table `satisfactions`
--

CREATE TABLE `satisfactions` (
  `id` int(11) NOT NULL,
  `utilisateur_id` int(11) DEFAULT NULL,
  `satisfait` int(11) DEFAULT 0,
  `non_satisfait` int(11) DEFAULT 0
) ENGINE=InnoDB DEFAULT CHARSET=utf8mb4 COLLATE=utf8mb4_general_ci;

--
-- Déchargement des données de la table `satisfactions`
--

INSERT INTO `satisfactions` (`id`, `utilisateur_id`, `satisfait`, `non_satisfait`) VALUES
(1, 1, 1, 0),
(2, 2, 1, 0),
(3, 3, 0, 1),
(4, 4, 1, 0),
(5, 5, 0, 1),
(6, 6, 1, 0),
(7, 7, 1, 0),
(8, 8, 1, 0),
(9, 9, 0, 1),
(10, 10, 1, 0),
(11, 11, 0, 1),
(12, 12, 1, 0),
(13, 13, 1, 0),
(14, 14, 1, 0),
(15, 15, 0, 1),
(16, 16, 1, 0),
(17, 17, 0, 1),
(18, 18, 1, 0),
(19, 19, 0, 1),
(20, 20, 1, 0),
(21, 1, 1, 0),
(22, 2, 1, 0),
(23, 3, 0, 1),
(24, 4, 1, 0),
(25, 5, 0, 1),
(26, 6, 1, 0),
(27, 7, 0, 1),
(28, 8, 1, 0),
(29, 9, 0, 1),
(30, 10, 1, 0),
(31, 11, 0, 1),
(32, 12, 1, 0),
(33, 13, 1, 0),
(34, 14, 1, 0),
(35, 15, 0, 1),
(36, 16, 1, 0),
(37, 17, 1, 0),
(38, 18, 0, 1),
(39, 19, 1, 0),
(40, 20, 0, 1),
(41, 1, 1, 0),
(42, 2, 1, 0),
(43, 3, 1, 0),
(44, 4, 1, 0),
(45, 5, 1, 0),
(46, 6, 1, 0),
(47, 7, 1, 0),
(48, 8, 1, 0),
(49, 9, 1, 0),
(50, 10, 1, 0),
(51, 11, 1, 0),
(52, 12, 1, 0),
(53, 13, 1, 0),
(54, 14, 1, 0),
(55, 15, 1, 0),
(56, 16, 1, 0),
(57, 17, 1, 0),
(58, 18, 1, 0),
(59, 19, 1, 0),
(60, 20, 1, 0),
(61, 1, 1, 0),
(62, 2, 1, 0),
(63, 3, 1, 0),
(64, 4, 1, 0),
(65, 5, 1, 0),
(66, 6, 1, 0),
(67, 7, 1, 0),
(68, 8, 1, 0),
(69, 9, 1, 0),
(70, 10, 1, 0),
(71, 11, 1, 0),
(72, 12, 1, 0),
(73, 13, 1, 0),
(74, 14, 1, 0),
(75, 15, 1, 0),
(76, 16, 1, 0),
(77, 17, 1, 0),
(78, 18, 1, 0),
(79, 19, 1, 0),
(80, 20, 1, 0),
(81, 1, 1, 0),
(82, 2, 1, 0),
(83, 3, 1, 0),
(84, 4, 1, 0),
(85, 5, 1, 0),
(86, 6, 1, 0),
(87, 7, 1, 0),
(88, 8, 1, 0),
(89, 9, 1, 0),
(90, 10, 1, 0),
(91, 11, 1, 0),
(92, 12, 1, 0),
(93, 13, 1, 0),
(94, 14, 1, 0),
(95, 15, 1, 0),
(96, 16, 1, 0),
(97, 17, 1, 0),
(98, 18, 1, 0),
(99, 19, 1, 0),
(100, 20, 1, 0),
(101, 1, 1, 0),
(102, 2, 1, 0),
(103, 3, 0, 1),
(104, 4, 0, 1),
(105, 5, 1, 0),
(106, 6, 1, 0),
(107, 7, 1, 0),
(108, 8, 1, 0),
(109, 9, 0, 1),
(110, 10, 1, 0),
(111, 11, 1, 0),
(112, 12, 1, 0),
(113, 13, 1, 0),
(114, 14, 0, 1),
(115, 15, 1, 0),
(116, 16, 1, 0),
(117, 17, 1, 0),
(118, 18, 0, 1),
(119, 19, 1, 0),
(120, 20, 1, 0),
(121, 1, 1, 0),
(122, 2, 1, 0),
(123, 3, 1, 0),
(124, 4, 1, 0),
(125, 5, 1, 0),
(126, 6, 0, 1),
(127, 7, 1, 0),
(128, 8, 1, 0),
(129, 9, 1, 0),
(130, 10, 0, 1),
(131, 11, 0, 1),
(132, 12, 1, 0),
(133, 13, 0, 1),
(134, 14, 1, 0),
(135, 15, 0, 1),
(136, 16, 1, 0),
(137, 17, 1, 0),
(138, 18, 0, 1),
(139, 19, 1, 0),
(140, 20, 1, 0),
(141, 1, 1, 0),
(142, 2, 1, 0),
(143, 3, 0, 1),
(144, 4, 1, 0),
(145, 5, 0, 1),
(146, 6, 1, 0),
(147, 7, 1, 0),
(148, 8, 1, 0),
(149, 9, 0, 1),
(150, 10, 1, 0),
(151, 11, 1, 0),
(152, 12, 1, 0),
(153, 13, 1, 0),
(154, 14, 1, 0),
(155, 15, 1, 0),
(156, 16, 0, 1),
(157, 17, 1, 0),
(158, 18, 1, 0),
(159, 19, 0, 1),
(160, 20, 1, 0),
(161, 21, 1, 0),
(162, 22, 0, 1),
(163, 23, 1, 0),
(164, 24, 1, 0),
(165, 25, 0, 1),
(166, 26, 1, 0),
(167, 27, 1, 0),
(168, 28, 1, 0),
(169, 29, 0, 1),
(170, 30, 1, 0),
(171, 31, 0, 1),
(172, 32, 1, 0),
(173, 33, 0, 1),
(174, 34, 1, 0),
(175, 35, 0, 1),
(176, 36, 1, 0),
(177, 37, 1, 0),
(178, 38, 1, 0),
(179, 39, 1, 0),
(180, 40, 0, 1),
(181, 41, 1, 0),
(182, 42, 0, 1),
(183, 43, 1, 0),
(184, 44, 1, 0),
(185, 45, 1, 0),
(186, 46, 0, 1),
(187, 47, 1, 0),
(188, 48, 0, 1),
(189, 49, 1, 0),
(190, 50, 1, 0),
(191, 51, 0, 1),
(192, 52, 1, 0),
(193, 53, 1, 0),
(194, 54, 1, 0),
(195, 55, 0, 1),
(196, 56, 1, 0),
(197, 57, 1, 0),
(198, 58, 0, 1),
(199, 59, 1, 0),
(200, 60, 1, 0),
(201, 81, 0, 1),
(202, 82, 1, 0),
(203, 83, 1, 0),
(204, 84, 0, 1),
(205, 85, 1, 0),
(206, 86, 1, 0),
(207, 87, 0, 1),
(208, 88, 1, 0),
(209, 89, 1, 0),
(210, 90, 1, 0),
(211, 91, 0, 1),
(212, 92, 1, 0),
(213, 93, 1, 0),
(214, 94, 0, 1),
(215, 95, 1, 0),
(216, 96, 1, 0),
(217, 97, 0, 1),
(218, 98, 1, 0),
(219, 99, 1, 0),
(220, 100, 0, 1),
(221, 101, 1, 0),
(222, 102, 0, 1),
(223, 103, 1, 0),
(224, 104, 1, 0),
(225, 105, 0, 1),
(226, 106, 1, 0),
(227, 107, 1, 0),
(228, 108, 0, 1),
(229, 109, 1, 0),
(230, 110, 1, 0),
(231, 111, 1, 0),
(232, 112, 0, 1),
(233, 113, 1, 0),
(234, 114, 1, 0),
(235, 115, 0, 1),
(236, 116, 1, 0),
(237, 117, 1, 0),
(238, 118, 0, 1),
(239, 119, 1, 0),
(240, 120, 1, 0),
(241, 121, 1, 0),
(242, 122, 0, 1),
(243, 123, 1, 0),
(244, 124, 0, 1),
(245, 125, 1, 0),
(246, 126, 0, 1),
(247, 127, 1, 0),
(248, 128, 1, 0),
(249, 129, 0, 1),
(250, 130, 1, 0),
(251, 131, 0, 1),
(252, 132, 1, 0),
(253, 133, 1, 0),
(254, 134, 0, 1),
(255, 135, 1, 0),
(256, 136, 1, 0),
(257, 137, 1, 0),
(258, 138, 0, 1),
(259, 139, 1, 0),
(260, 140, 0, 1),
(1001, 1001, 1, 0),
(1002, 1002, 1, 0),
(1003, 1002, 1, 0),
(1004, 1003, 1, 0);

-- --------------------------------------------------------

--
-- Structure de la table `utilisateurs`
--

CREATE TABLE `utilisateurs` (
  `id` int(11) NOT NULL,
  `email` varchar(255) NOT NULL,
  `mot_de_passe` varchar(255) NOT NULL,
  `nb_predictions` int(11) DEFAULT 0
) ENGINE=InnoDB DEFAULT CHARSET=utf8mb4 COLLATE=utf8mb4_general_ci;

--
-- Déchargement des données de la table `utilisateurs`
--

INSERT INTO `utilisateurs` (`id`, `email`, `mot_de_passe`, `nb_predictions`) VALUES
(1, 'user1@domaine1.com', 'hashed_password_1', 120),
(2, 'user2@domaine1.com', 'hashed_password_2', 150),
(3, 'user3@domaine1.com', 'hashed_password_3', 180),
(4, 'user4@domaine1.com', 'hashed_password_4', 90),
(5, 'user5@domaine1.com', 'hashed_password_5', 200),
(6, 'user6@domaine1.com', 'hashed_password_6', 140),
(7, 'user7@domaine1.com', 'hashed_password_7', 160),
(8, 'user8@domaine1.com', 'hashed_password_8', 130),
(9, 'user9@domaine1.com', 'hashed_password_9', 110),
(10, 'user10@domaine1.com', 'hashed_password_10', 170),
(11, 'user11@domaine1.com', 'hashed_password_11', 140),
(12, 'user12@domaine1.com', 'hashed_password_12', 190),
(13, 'user13@domaine1.com', 'hashed_password_13', 160),
(14, 'user14@domaine1.com', 'hashed_password_14', 150),
(15, 'user15@domaine1.com', 'hashed_password_15', 110),
(16, 'user16@domaine1.com', 'hashed_password_16', 180),
(17, 'user17@domaine1.com', 'hashed_password_17', 140),
(18, 'user18@domaine1.com', 'hashed_password_18', 120),
(19, 'user19@domaine1.com', 'hashed_password_19', 130),
(20, 'user20@domaine1.com', 'hashed_password_20', 110),
(21, 'utilisateur21@domaine1.com', 'password123', 0),
(22, 'utilisateur22@domaine1.com', 'password123', 0),
(23, 'utilisateur23@domaine1.com', 'password123', 0),
(24, 'utilisateur24@domaine1.com', 'password123', 0),
(25, 'utilisateur25@domaine1.com', 'password123', 0),
(26, 'utilisateur26@domaine1.com', 'password123', 0),
(27, 'utilisateur27@domaine1.com', 'password123', 0),
(28, 'utilisateur28@domaine1.com', 'password123', 0),
(29, 'utilisateur29@domaine1.com', 'password123', 0),
(30, 'utilisateur30@domaine1.com', 'password123', 0),
(31, 'utilisateur31@domaine1.com', 'password123', 0),
(32, 'utilisateur32@domaine1.com', 'password123', 0),
(33, 'utilisateur33@domaine1.com', 'password123', 0),
(34, 'utilisateur34@domaine1.com', 'password123', 0),
(35, 'utilisateur35@domaine1.com', 'password123', 0),
(36, 'utilisateur36@domaine1.com', 'password123', 0),
(37, 'utilisateur37@domaine1.com', 'password123', 0),
(38, 'utilisateur38@domaine1.com', 'password123', 0),
(39, 'utilisateur39@domaine1.com', 'password123', 0),
(40, 'utilisateur40@domaine1.com', 'password123', 0),
(41, 'utilisateur41@domaine1.com', 'password123', 0),
(42, 'utilisateur42@domaine1.com', 'password123', 0),
(43, 'utilisateur43@domaine1.com', 'password123', 0),
(44, 'utilisateur44@domaine1.com', 'password123', 0),
(45, 'utilisateur45@domaine1.com', 'password123', 0),
(46, 'utilisateur46@domaine1.com', 'password123', 0),
(47, 'utilisateur47@domaine1.com', 'password123', 0),
(48, 'utilisateur48@domaine1.com', 'password123', 0),
(49, 'utilisateur49@domaine1.com', 'password123', 0),
(50, 'utilisateur50@domaine1.com', 'password123', 0),
(51, 'utilisateur51@domaine1.com', 'password123', 0),
(52, 'utilisateur52@domaine1.com', 'password123', 0),
(53, 'utilisateur53@domaine1.com', 'password123', 0),
(54, 'utilisateur54@domaine1.com', 'password123', 0),
(55, 'utilisateur55@domaine1.com', 'password123', 0),
(56, 'utilisateur56@domaine1.com', 'password123', 0),
(57, 'utilisateur57@domaine1.com', 'password123', 0),
(58, 'utilisateur58@domaine1.com', 'password123', 0),
(59, 'utilisateur59@domaine1.com', 'password123', 0),
(60, 'utilisateur60@domaine1.com', 'password123', 0),
(61, 'utilisateur61@domaine1.com', 'password123', 0),
(62, 'utilisateur62@domaine1.com', 'password123', 0),
(63, 'utilisateur63@domaine1.com', 'password123', 0),
(64, 'utilisateur64@domaine1.com', 'password123', 0),
(65, 'utilisateur65@domaine1.com', 'password123', 0),
(66, 'utilisateur66@domaine1.com', 'password123', 0),
(67, 'utilisateur67@domaine1.com', 'password123', 0),
(68, 'utilisateur68@domaine1.com', 'password123', 0),
(69, 'utilisateur69@domaine1.com', 'password123', 0),
(70, 'utilisateur70@domaine1.com', 'password123', 0),
(71, 'utilisateur71@domaine1.com', 'password123', 0),
(72, 'utilisateur72@domaine1.com', 'password123', 0),
(73, 'utilisateur73@domaine1.com', 'password123', 0),
(74, 'utilisateur74@domaine1.com', 'password123', 0),
(75, 'utilisateur75@domaine1.com', 'password123', 0),
(76, 'utilisateur76@domaine1.com', 'password123', 0),
(77, 'utilisateur77@domaine1.com', 'password123', 0),
(78, 'utilisateur78@domaine1.com', 'password123', 0),
(79, 'utilisateur79@domaine1.com', 'password123', 0),
(80, 'utilisateur80@domaine1.com', 'password123', 0),
(81, 'utilisateur81@domaine1.com', 'password123', 0),
(82, 'utilisateur82@domaine1.com', 'password123', 0),
(83, 'utilisateur83@domaine1.com', 'password123', 0),
(84, 'utilisateur84@domaine1.com', 'password123', 0),
(85, 'utilisateur85@domaine1.com', 'password123', 0),
(86, 'utilisateur86@domaine1.com', 'password123', 0),
(87, 'utilisateur87@domaine1.com', 'password123', 0),
(88, 'utilisateur88@domaine1.com', 'password123', 0),
(89, 'utilisateur89@domaine1.com', 'password123', 0),
(90, 'utilisateur90@domaine1.com', 'password123', 0),
(91, 'utilisateur91@domaine1.com', 'password123', 0),
(92, 'utilisateur92@domaine1.com', 'password123', 0),
(93, 'utilisateur93@domaine1.com', 'password123', 0),
(94, 'utilisateur94@domaine1.com', 'password123', 0),
(95, 'utilisateur95@domaine1.com', 'password123', 0),
(96, 'utilisateur96@domaine1.com', 'password123', 0),
(97, 'utilisateur97@domaine1.com', 'password123', 0),
(98, 'utilisateur98@domaine1.com', 'password123', 0),
(99, 'utilisateur99@domaine1.com', 'password123', 0),
(100, 'utilisateur100@domaine1.com', 'password123', 0),
(101, 'utilisateur101@domaine1.com', 'password123', 0),
(102, 'utilisateur102@domaine1.com', 'password123', 0),
(103, 'utilisateur103@domaine1.com', 'password123', 0),
(104, 'utilisateur104@domaine1.com', 'password123', 0),
(105, 'utilisateur105@domaine1.com', 'password123', 0),
(106, 'utilisateur106@domaine1.com', 'password123', 0),
(107, 'utilisateur107@domaine1.com', 'password123', 0),
(108, 'utilisateur108@domaine1.com', 'password123', 0),
(109, 'utilisateur109@domaine1.com', 'password123', 0),
(110, 'utilisateur110@domaine1.com', 'password123', 0),
(111, 'utilisateur111@domaine1.com', 'password123', 0),
(112, 'utilisateur112@domaine1.com', 'password123', 0),
(113, 'utilisateur113@domaine1.com', 'password123', 0),
(114, 'utilisateur114@domaine1.com', 'password123', 0),
(115, 'utilisateur115@domaine1.com', 'password123', 0),
(116, 'utilisateur116@domaine1.com', 'password123', 0),
(117, 'utilisateur117@domaine1.com', 'password123', 0),
(118, 'utilisateur118@domaine1.com', 'password123', 0),
(119, 'utilisateur119@domaine1.com', 'password123', 0),
(120, 'utilisateur120@domaine1.com', 'password123', 0),
(121, 'utilisateur121@domaine1.com', 'password123', 0),
(122, 'utilisateur122@domaine1.com', 'password123', 0),
(123, 'utilisateur123@domaine1.com', 'password123', 0),
(124, 'utilisateur124@domaine1.com', 'password123', 0),
(125, 'utilisateur125@domaine1.com', 'password123', 0),
(126, 'utilisateur126@domaine1.com', 'password123', 0),
(127, 'utilisateur127@domaine1.com', 'password123', 0),
(128, 'utilisateur128@domaine1.com', 'password123', 0),
(129, 'utilisateur129@domaine1.com', 'password123', 0),
(130, 'utilisateur130@domaine1.com', 'password123', 0),
(131, 'utilisateur131@domaine1.com', 'password123', 0),
(132, 'utilisateur132@domaine1.com', 'password123', 0),
(133, 'utilisateur133@domaine1.com', 'password123', 0),
(134, 'utilisateur134@domaine1.com', 'password123', 0),
(135, 'utilisateur135@domaine1.com', 'password123', 0),
(136, 'utilisateur136@domaine1.com', 'password123', 0),
(137, 'utilisateur137@domaine1.com', 'password123', 0),
(138, 'utilisateur138@domaine1.com', 'password123', 0),
(139, 'utilisateur139@domaine1.com', 'password123', 0),
(140, 'utilisateur140@domaine1.com', 'password123', 0),
(1001, 'user1@exemple1.com', 'scrypt:32768:8:1$LFGEVggMcKShkAP0$7f01b1e183f3140d75e173ae9b2939a38ec2069a663552d8e41894aaf255aebf90ddab38a66a7e0d312d86efe02530b9696402b2e6c4eb8f645df03d47a7bfb1', 1),
(1002, 'user4.ex@gmail.com', 'scrypt:32768:8:1$1T4NMfmrlyjKxUnK$da1649997d023b30417433ddb03503149fce938f78756bb4b471877f69b28007661c123324b2c0c3ac369412a3f63c4533aeae1571c09bd8b6214c9c5e6213ec', 2),
(1003, 'user@version.com', 'scrypt:32768:8:1$kQiPfkbcwNgVE62D$ca38b1f2eb2781669894632757c2a061a5e45639cc2515ef6fc27536c70dad3d88bd943cbe123079f0b1f1c08475ee74bfb2ab618e13fe4e9fbf632b6c0bfdf8', 1);

--
-- Index pour les tables déchargées
--

--
-- Index pour la table `categories`
--
ALTER TABLE `categories`
  ADD PRIMARY KEY (`id`);

--
-- Index pour la table `objets`
--
ALTER TABLE `objets`
  ADD PRIMARY KEY (`id`),
  ADD KEY `utilisateur_id` (`utilisateur_id`),
  ADD KEY `fk_categorie` (`categorie_id`);

--
-- Index pour la table `satisfactions`
--
ALTER TABLE `satisfactions`
  ADD PRIMARY KEY (`id`),
  ADD KEY `utilisateur_id` (`utilisateur_id`);

--
-- Index pour la table `utilisateurs`
--
ALTER TABLE `utilisateurs`
  ADD PRIMARY KEY (`id`),
  ADD UNIQUE KEY `email` (`email`);

--
-- AUTO_INCREMENT pour les tables déchargées
--

--
-- AUTO_INCREMENT pour la table `categories`
--
ALTER TABLE `categories`
  MODIFY `id` int(11) NOT NULL AUTO_INCREMENT, AUTO_INCREMENT=25;

--
-- AUTO_INCREMENT pour la table `objets`
--
ALTER TABLE `objets`
  MODIFY `id` int(11) NOT NULL AUTO_INCREMENT, AUTO_INCREMENT=1005;

--
-- AUTO_INCREMENT pour la table `satisfactions`
--
ALTER TABLE `satisfactions`
  MODIFY `id` int(11) NOT NULL AUTO_INCREMENT, AUTO_INCREMENT=1005;

--
-- AUTO_INCREMENT pour la table `utilisateurs`
--
ALTER TABLE `utilisateurs`
  MODIFY `id` int(11) NOT NULL AUTO_INCREMENT, AUTO_INCREMENT=1004;

--
-- Contraintes pour les tables déchargées
--

--
-- Contraintes pour la table `objets`
--
ALTER TABLE `objets`
  ADD CONSTRAINT `fk_categorie` FOREIGN KEY (`categorie_id`) REFERENCES `categories` (`id`),
  ADD CONSTRAINT `objets_ibfk_1` FOREIGN KEY (`utilisateur_id`) REFERENCES `utilisateurs` (`id`) ON DELETE CASCADE;

--
-- Contraintes pour la table `satisfactions`
--
ALTER TABLE `satisfactions`
  ADD CONSTRAINT `satisfactions_ibfk_1` FOREIGN KEY (`utilisateur_id`) REFERENCES `utilisateurs` (`id`) ON DELETE CASCADE;
COMMIT;

/*!40101 SET CHARACTER_SET_CLIENT=@OLD_CHARACTER_SET_CLIENT */;
/*!40101 SET CHARACTER_SET_RESULTS=@OLD_CHARACTER_SET_RESULTS */;
/*!40101 SET COLLATION_CONNECTION=@OLD_COLLATION_CONNECTION */;
